iso3,country_name,region_lac,year,monetary_poverty,extreme_poverty,labor_informality,social_protection_coverage,gdp_per_capita,female_labor_participation,male_labor_participation,unemployment,gini,social_expenditure,structural_vulnerability_index
ARG,Argentina,Mercosur,2000,30.9,7.3,,,10631.6503639029,,,15.0,51.0,,0.3430447020575945
ARG,Argentina,Mercosur,2001,34.3,10.7,,,10051.9448463043,,,17.322,53.3,,0.6600337202842863
ARG,Argentina,Mercosur,2002,49.1,17.1,,,8861.56199282278,,,19.59,53.8,,1.0466924488375091
ARG,Argentina,Mercosur,2003,33.1,8.2,61.657,,9545.53194119994,,,15.4,51.0,,0.3551207947453118
ARG,Argentina,Mercosur,2004,28.6,6.0,60.403,,10302.4465316428,,,13.522,48.5,,0.0896412328090371
ARG,Argentina,Mercosur,2005,24.5,4.4,58.812,,11099.7509190602,,,11.506,47.8,,-0.1210990118201573
ARG,Argentina,Mercosur,2006,19.9,3.5,56.024,33.33583481559091,11870.2791559298,,,10.078,46.4,,-0.0385275595878297
ARG,Argentina,Mercosur,2007,18.9,2.8,53.73266666666667,,12811.9021206578,,,8.469,46.3,,-0.487839927342139
ARG,Argentina,Mercosur,2008,16.7,2.6,51.14,,13197.3570267029,,,7.837,45.0,,-0.6259352929496279
ARG,Argentina,Mercosur,2009,15.2,2.4,50.513,,12285.3784651865,,,8.645,43.8,,-0.6265199063940562
ARG,Argentina,Mercosur,2010,13.6,1.5,49.336,37.80100707933457,13387.1553748458,,,7.714,43.7,,-0.4049272255850278
ARG,Argentina,Mercosur,2011,11.3,1.2,48.498,42.13772658621863,14040.6189124444,,,7.18,42.7,,-0.533532453921275
ARG,Argentina,Mercosur,2012,10.3,1.3,48.474,41.05498993270294,13754.4254235596,,,7.217,41.4,,-0.5631993248293231
ARG,Argentina,Mercosur,2013,10.4,1.1,48.05,46.36080045147442,13946.0950832252,,,7.1,41.1,,-0.6319877479449733
ARG,Argentina,Mercosur,2014,11.7,1.1,47.444,44.69378723088137,13456.1319159151,,,7.268,41.8,,-0.5776760267309536
ARG,Argentina,Mercosur,2015,1.8,0.9,46.142,,13679.6264980954,,,,,,-1.228770413164719
ARG,Argentina,Mercosur,2016,11.5,1.3,47.775666666666666,52.273354344279,13265.8860639123,47.73333333333333,70.8,8.466666666666667,42.3,,-0.5723286939005289
ARG,Argentina,Mercosur,2017,9.8,1.1,48.563,52.829945242481045,13520.1129846159,48.0,70.9,8.35,41.4,,-0.6178026153151358
ARG,Argentina,Mercosur,2018,12.5,1.6,48.73,52.84679037072543,13058.3285449954,49.525,71.0,9.225,41.7,,-0.5394981712648215
ARG,Argentina,Mercosur,2019,14.9,1.7,49.918,54.26736791120207,12706.3978108968,50.3,71.425,9.85,43.3,,-0.4418475575212528
ARG,Argentina,Mercosur,2020,18.3,2.2,46.981,62.84839349126891,11393.0505957877,46.775,66.375,11.55,42.7,,-0.4399807520447327
ARG,Argentina,Mercosur,2021,14.2,1.4,49.142,54.62341212711929,12549.2811699342,50.5,71.15,8.75,42.4,,-0.5326883437821085
ARG,Argentina,Mercosur,2022,13.9,1.3,51.196,56.63320528058343,13276.8232110189,52.1,71.725,6.825,40.7,,-0.6828175796225411
ARG,Argentina,Mercosur,2023,16.4,1.2,50.445,,12993.0928872416,53.175,72.225,6.125,42.4,,-0.8186482358709875
BHS,Bahamas,Caribbean,2000,,,,,32424.7271786716,,,,,,-2.299352083958036
BHS,Bahamas,Caribbean,2001,,,,,32870.0918307285,,,6.883,,,-1.1832226953715883
BHS,Bahamas,Caribbean,2002,,,,,33374.602685914,,,9.096,,,-0.8838769971495226
BHS,Bahamas,Caribbean,2003,,,,,32559.311554898,,,10.835,,,-0.6267757626584705
BHS,Bahamas,Caribbean,2004,,,,,32444.0739567569,,,10.203,,,-0.7127438678415303
BHS,Bahamas,Caribbean,2005,,,,,33144.7878790275,,,10.17,,,-0.730077048876854
BHS,Bahamas,Caribbean,2006,,,,,33541.850748701,,,7.604,,,-1.0947942468592653
BHS,Bahamas,Caribbean,2007,,,,,33549.3360007274,,,7.853,,,-1.0602243894922545
BHS,Bahamas,Caribbean,2008,,,,,32331.8246135092,,,8.712,,,-0.9184773500131392
BHS,Bahamas,Caribbean,2009,,,,,30581.3342198488,,,14.2,,,-0.120449540716799
BHS,Bahamas,Caribbean,2010,,,,,30657.4319059659,,,,,,-2.232550887755559
BHS,Bahamas,Caribbean,2011,,,,,30492.6738528071,,,14.521,,,-0.0739818906519054
BHS,Bahamas,Caribbean,2012,,,,,31553.4919490645,,,14.7,,,-0.0694149725185666
BHS,Bahamas,Caribbean,2013,,,,,30368.2631244189,,,16.184,,,0.1602249016568717
BHS,Bahamas,Caribbean,2014,,,,,30658.5344563722,,,13.8,,,-0.17769959518222
BHS,Bahamas,Caribbean,2015,,,,,30719.405417469,,,12.0,,,-0.4297455139159956
BHS,Bahamas,Caribbean,2016,,,,,30152.1619246021,,,12.7,,,-0.3210801164932848
BHS,Bahamas,Caribbean,2017,,,,,30974.7477261317,,,9.8,,,-0.7412900011055152
BHS,Bahamas,Caribbean,2018,,,,,31537.2423841956,,,10.0,,,-0.7241414235009878
BHS,Bahamas,Caribbean,2019,,,18.324666666666666,,31117.6299132391,,,9.336,,,-1.3715488525579973
BHS,Bahamas,Caribbean,2020,,,,,24791.6704945106,,,,,,-1.9794312594240129
BHS,Bahamas,Caribbean,2021,,,,,29114.0597726386,,,,,,-2.1709848621607786
BHS,Bahamas,Caribbean,2022,,,,,32186.4575039237,,,,,,-2.290561230361321
BHS,Bahamas,Caribbean,2023,,,,,33009.645615121,,,10.346,,,-0.7031132949184391
BLZ,Belize,Central America,2000,,,,,5663.64632374973,,,,,,-0.2196699528376246
BLZ,Belize,Central America,2001,,,,,5764.99055491104,,,9.066,,,0.1584208415281101
BLZ,Belize,Central America,2002,,,,,5895.15235037898,,,10.038,,,0.280581692117578
BLZ,Belize,Central America,2003,,,,,6274.47428279313,,,,,,-0.3417459773907382
BLZ,Belize,Central America,2004,,,,,6383.07432412662,,,,,,-0.3621990732864585
BLZ,Belize,Central America,2005,,,,,6337.12389222378,,,10.907,,,0.3586093794477315
BLZ,Belize,Central America,2006,,,,,6435.58767337678,,,9.394,,,0.1385559585257943
BLZ,Belize,Central America,2007,,,,,6465.82885846045,,,8.508,,,0.0122813562341485
BLZ,Belize,Central America,2008,,,,,6187.95885023655,,,8.182,,,-0.006975329510345
BLZ,Belize,Central America,2009,,,,39.40864156021436,5997.68447156383,,,,,,0.4244047763693603
BLZ,Belize,Central America,2010,,,,,5937.75398343789,,,,,,-0.2760025277902381
BLZ,Belize,Central America,2011,,,,,5802.24344531492,,,,,,-0.2484860800611741
BLZ,Belize,Central America,2012,,,,,5902.74234696881,,,14.271,,,0.8697631013505964
BLZ,Belize,Central America,2013,,,,,6013.07879895362,,,8.349,,,0.0333841163706107
BLZ,Belize,Central America,2014,,,,,6116.49578852783,,,8.244,,,0.0085880240452324
BLZ,Belize,Central America,2015,,,,,6154.62264230369,,,7.578,,,-0.0879348845302484
BLZ,Belize,Central America,2016,,,,,6012.21296983668,,,7.0,,,-0.1545385987866357
BLZ,Belize,Central America,2017,,,,,5767.61921963762,,,6.596,,,-0.1860918057619482
BLZ,Belize,Central America,2018,19.7,1.0,,,5707.61059954436,,,9.346,39.9,,-0.4742679381237396
BLZ,Belize,Central America,2019,,,,,5864.14611827109,,,9.053,,,0.1464461352373969
BLZ,Belize,Central America,2020,,,,,5006.48453276935,,,,,,-0.0726688490960442
BLZ,Belize,Central America,2021,,,,,5839.40157956017,,,,,,-0.2560947550341236
BLZ,Belize,Central America,2022,,,,,6262.56088273674,,,,,,-0.3394807645059902
BLZ,Belize,Central America,2023,,,,,6165.69414825936,,,,,,-0.3209009528218219
BOL,Bolivia,Andean,2000,58.8,28.3,70.449,,2014.19024658446,,,4.79,61.6,5.163201,0.8408104317618946
BOL,Bolivia,Andean,2001,54.2,22.3,75.06266666666667,,2013.84581083123,,,5.242,57.4,5.703603,0.7330009532010708
BOL,Bolivia,Andean,2002,56.4,23.9,77.69033333333333,,2029.66993638623,,,5.476,59.3,5.660199,0.8611672545182654
BOL,Bolivia,Andean,2003,2.0,2.8,,,2050.07133411879,,,,,5.452737,-0.2805263964006905
BOL,Bolivia,Andean,2004,49.3,13.2,87.722,,2099.990810637,,,4.167,55.0,5.260069,0.684687133756504
BOL,Bolivia,Andean,2005,49.5,18.7,95.818,,2156.18670325307,,,5.446,58.5,5.112132,0.9683817060103096
BOL,Bolivia,Andean,2006,44.6,15.9,96.148,16.136440341084544,2221.42722587103,,,5.08,56.7,4.702574,1.1003221009616035
BOL,Bolivia,Andean,2007,42.7,12.1,84.26,58.35292352532348,2283.4273357151,,,5.175,54.5,4.673997,0.5180513593321704
BOL,Bolivia,Andean,2008,36.6,10.6,85.941,73.4405123074005,2383.2503257823,,,2.603,50.8,5.570034,0.1152831161227122
BOL,Bolivia,Andean,2009,31.9,10.0,84.162,79.0830860787868,2422.57579390007,,,2.973,49.2,,-0.021949232917721
BOL,Bolivia,Andean,2010,1.5,2.1,,,2481.40700850945,,,,,5.690256,-0.405770191439664
BOL,Bolivia,Andean,2011,25.3,6.9,83.36066666666666,76.47872746647344,2568.5205166368,,,2.255,46.1,5.203293,-0.1908140399181772
BOL,Bolivia,Andean,2012,25.9,7.9,82.126,76.75464046304259,2657.23884915853,,,2.066,46.6,5.502495,-0.2020138031273003
BOL,Bolivia,Andean,2013,23.6,6.8,80.434,,2793.51457098676,,,2.437,47.6,5.619174,-0.057489308272662
BOL,Bolivia,Andean,2014,22.6,5.6,85.215,78.05819733424697,2900.90241586338,,,2.021,47.8,5.89436,-0.1935969389121834
BOL,Bolivia,Andean,2015,23.0,6.2,83.99566666666666,76.41797730389118,2996.01289811344,,,3.111,46.7,5.455759,-0.1750598264609643
BOL,Bolivia,Andean,2016,23.7,7.2,76.249,84.33253487291003,3077.57057564766,57.525,78.375,3.9,45.2,4.671842,-0.3303597320868628
BOL,Bolivia,Andean,2017,23.1,6.4,79.117,83.02119193320962,3160.16421228968,59.650000000000006,78.675,4.05,44.6,4.26922,-0.3103098670390891
BOL,Bolivia,Andean,2018,21.3,4.7,80.701,83.6148726327525,3204.53670819124,64.0,80.525,3.825,42.6,4.485278,-0.3848158546955501
BOL,Bolivia,Andean,2019,17.8,3.1,81.494,77.99288503826286,3207.3869521223,66.625,82.325,3.875,41.6,,-0.3790000144569445
BOL,Bolivia,Andean,2020,19.5,4.2,82.744,97.98707902544464,2765.0927177231,60.05,77.0,8.0,43.6,,-0.2577957584876995
BOL,Bolivia,Andean,2021,17.1,3.1,48.825,96.93773151043015,3011.55110807557,71.425,84.8,5.325,40.9,,-0.8196357133928691
BOL,Bolivia,Andean,2022,18.5,3.3,84.316,,3088.24126155241,71.975,85.025,3.65,41.2,,-0.2362305844732191
BOL,Bolivia,Andean,2023,16.5,2.8,83.882,,3122.77049447823,72.775,84.525,3.175,42.1,,-0.2576391724539258
BRA,Brazil,Mercosur,2000,36.7,38.2,,,6817.78345634413,,,,,10.96853,-0.2022357184767552
BRA,Brazil,Mercosur,2001,50.3,17.5,,,6823.0331851176,,,10.649,58.4,10.856402,0.7143866202956325
BRA,Brazil,Mercosur,2002,49.8,16.2,,,6944.62257593723,,,10.641,58.1,12.145024,0.6898569727896456
BRA,Brazil,Mercosur,2003,50.9,17.1,,,6941.43965883253,,,11.168,57.6,11.382122,0.7176664693172062
BRA,Brazil,Mercosur,2004,49.5,15.3,,,7258.78101654079,,,10.072,56.5,11.660975,0.564333121034031
BRA,Brazil,Mercosur,2005,47.5,13.7,,,7409.56827992249,,,10.551,56.3,11.9341,0.5600347110515442
BRA,Brazil,Mercosur,2006,43.7,11.4,,53.93266904566549,7622.03919432148,,,9.692,55.6,12.463725,0.4022880581729263
BRA,Brazil,Mercosur,2007,41.2,10.8,,,8003.2532101272,,,9.28,54.9,12.305542,0.3157848232718071
BRA,Brazil,Mercosur,2008,38.2,9.1,,,8330.76364001877,,,8.268,54.0,12.311703,0.1600162402863237
BRA,Brazil,Mercosur,2009,36.3,8.4,48.768,45.46017543282019,8246.09612122851,,,9.419,53.7,13.259948,0.1566774942964433
BRA,Brazil,Mercosur,2010,33.4,35.0,,,8792.63334959864,,,,,12.704682,-0.4293824850307123
BRA,Brazil,Mercosur,2011,32.2,7.1,44.96266666666667,45.34388025434349,9067.99212019529,,,7.578,52.9,12.597099,-0.0385008475003013
BRA,Brazil,Mercosur,2012,30.4,6.4,43.967666666666666,46.37658170762023,9167.49818450433,,,7.251,53.4,13.01822,-0.0744119224053135
BRA,Brazil,Mercosur,2013,27.9,5.4,42.897666666666666,,9366.73824670239,,,7.071,52.7,13.404829,-0.3150989818931807
BRA,Brazil,Mercosur,2014,26.4,4.8,43.466,,9338.34170840985,,,6.755,52.0,13.677855,-0.3632519985416894
BRA,Brazil,Mercosur,2015,27.4,5.4,43.506,53.80871122511761,8936.1955889444,,,8.538,51.9,14.359083,-0.148256635854847
BRA,Brazil,Mercosur,2016,29.1,6.5,36.911,50.7489056580992,8577.84277969667,,,11.58,53.4,15.235757,0.0205043764850891
BRA,Brazil,Mercosur,2017,29.3,7.0,38.194,50.48702781919558,8628.25209645723,,,12.792,53.3,15.655878,0.0893144628021191
BRA,Brazil,Mercosur,2018,28.7,6.9,38.691,50.93405409529911,8722.33529970988,,,12.329,53.9,15.591291,0.079190456630705
BRA,Brazil,Mercosur,2019,28.0,7.0,38.913,50.53351683524416,8771.43950372603,,,11.936,53.5,15.66848,0.0487832617454128
BRA,Brazil,Mercosur,2020,20.8,2.8,36.73,69.14613372009393,8435.01046209185,,,13.697,48.9,20.878606,-0.2410782324255033
BRA,Brazil,Mercosur,2021,30.6,7.5,38.276,52.55207514555197,8799.22844579944,,,13.158,52.9,,0.0827148497567949
BRA,Brazil,Mercosur,2022,25.3,4.9,37.634,52.26328363751848,9032.08377657776,,,9.231,52.0,,-0.1750038116858832
BRA,Brazil,Mercosur,2023,23.3,3.8,37.035,,9288.02594608687,,,7.947,51.6,,-0.4137391677618846
BRB,Barbados,Caribbean,2000,,,,,21523.3992235883,,,9.347,,,-0.5874803418612137
BRB,Barbados,Caribbean,2001,,,,,20985.2828573064,,,9.85,,,-0.5022888512818602
BRB,Barbados,Caribbean,2002,,,,,21012.5595449081,,,10.32,,,-0.4375596179808724
BRB,Barbados,Caribbean,2003,,,,,21338.1720739511,,,10.997,,,-0.3523709652409282
BRB,Barbados,Caribbean,2004,,,,,21516.1662922098,,,,,,-1.8105359690793863
BRB,Barbados,Caribbean,2005,,,,,22250.0263806215,,,,,,-1.8505104854668504
BRB,Barbados,Caribbean,2006,,,,,23487.4418767503,,,,,,-1.9150190585722828
BRB,Barbados,Caribbean,2007,,,,,23862.135352962,,,,,,-1.9338832025450068
BRB,Barbados,Caribbean,2008,,,,,23887.7289633459,,,,,,-1.935160898338075
BRB,Barbados,Caribbean,2009,,,,,22572.5926053677,,,10.0,,,-0.5248370891203161
BRB,Barbados,Caribbean,2010,,,,,21982.1839041348,,,10.7,,,-0.4114838349453793
BRB,Barbados,Caribbean,2011,,,,,21842.8635599786,,,,,,-1.8284974514154737
BRB,Barbados,Caribbean,2012,,,,,21036.3003366556,,,,,,-1.7836527283090389
BRB,Barbados,Caribbean,2013,,,,,20609.6076272963,,,11.546,,,-0.2551541324489675
BRB,Barbados,Caribbean,2014,,,,,20713.7670210437,,,12.3,,,-0.1530743336359419
BRB,Barbados,Caribbean,2015,,,,,20424.2087530019,,,9.803,,,-0.4926887247358822
BRB,Barbados,Caribbean,2016,15.8,1.7,61.90766666666666,,20684.7801825176,,,8.247,34.1,,-0.9686601597037242
BRB,Barbados,Caribbean,2017,,,,,20788.7046543161,,,8.62,,,-0.66810368564227
BRB,Barbados,Caribbean,2018,,,,,20483.9550976366,,,8.321,,,-0.7009740727499344
BRB,Barbados,Caribbean,2019,,,,,20494.3871602646,,,8.41,,,-0.6888736748725488
BRB,Barbados,Caribbean,2020,,,,,17519.837062872,,,,,,-1.5656363548118497
BRB,Barbados,Caribbean,2021,,,,,17475.0281776857,,,11.015,,,-0.2308368955078932
BRB,Barbados,Caribbean,2022,,,,,20472.9494048647,,,7.261,,,-0.848384738543533
BRB,Barbados,Caribbean,2023,,,,,21068.2610447067,,,6.54,,,-0.9659514287996492
CHL,Chile,Southern Cone,2000,44.5,8.6,,,8465.35303258864,,,10.399,52.8,,0.3239120789817793
CHL,Chile,Southern Cone,2001,2.9,1.2,,,8632.0148244056,,,,,,-1.1166580839092823
CHL,Chile,Southern Cone,2002,2.9,1.3,,,8810.69052712257,,,,,,-1.128867780174325
CHL,Chile,Southern Cone,2003,43.2,7.9,,,9130.7842621819,,,9.7,51.5,,0.181503769578565
CHL,Chile,Southern Cone,2004,2.6,1.1,,,9642.37478651228,,,,,,-1.189491362873587
CHL,Chile,Southern Cone,2005,2.5,1.0,,,10104.4208391373,,,,,,-1.219674435745668
CHL,Chile,Southern Cone,2006,32.0,3.3,,89.68931195953672,10611.6144012877,,,7.402,47.7,,-0.5774613600461893
CHL,Chile,Southern Cone,2007,2.2,0.9,,,11051.3450717678,,,,,,-1.2799270428682767
CHL,Chile,Southern Cone,2008,2.2,0.9,,,11356.0922105983,,,,,,-1.2961381337817914
CHL,Chile,Southern Cone,2009,27.6,2.6,,90.44321191104542,11116.4093443103,,,10.341,47.4,,-0.483654788985026
CHL,Chile,Southern Cone,2010,2.2,0.8,42.099,,11649.2897090856,,,8.547,,,-0.8255928544975952
CHL,Chile,Southern Cone,2011,23.5,1.7,39.869,83.43314396254902,12252.8441074615,,,7.492,46.9,,-0.7404006124515915
CHL,Chile,Southern Cone,2012,1.8,0.5,38.467,,12882.834417927,,,6.79,,,-1.0362414954295236
CHL,Chile,Southern Cone,2013,14.4,0.8,38.457,88.54116212147619,13182.7329619856,,,6.361,46.8,,-0.9404331866994072
CHL,Chile,Southern Cone,2014,1.3,0.4,38.895,,13285.9540361192,,,6.761,,,-1.0468454815684418
CHL,Chile,Southern Cone,2015,11.7,0.7,39.007,87.72247426631937,13433.9202987032,,,6.605,45.3,,-0.9838321373808824
CHL,Chile,Southern Cone,2016,1.1,0.3,39.547,,13505.097711133,48.5,71.75,6.7,46.5,,-0.9227099713641568
CHL,Chile,Southern Cone,2017,9.0,0.5,52.48333333333333,92.41743129360728,13473.3458532934,49.075,71.75,7.0,45.3,,-0.8969226854554343
CHL,Chile,Southern Cone,2018,0.9,0.3,28.133,,13763.0068844795,49.575,71.05,7.2,45.9,,-1.0568179282295458
CHL,Chile,Southern Cone,2019,0.9,0.3,28.066,,13630.5935435578,49.775,70.3,7.2,45.9,,-1.0553050393608454
CHL,Chile,Southern Cone,2020,11.3,1.7,25.83,77.74088598696862,12679.024004022,46.625,68.65,11.35,47.0,,-0.7443435384298009
CHL,Chile,Southern Cone,2021,0.5,0.1,27.354,,14051.4713630677,46.975,69.05,9.225,43.2,,-1.055236464146455
CHL,Chile,Southern Cone,2022,6.1,0.6,27.355,85.58610474921852,14283.1489501524,50.325,70.65,8.175,43.0,,-1.1273653374180552
CHL,Chile,Southern Cone,2023,0.7,0.4,27.355,,14280.3475638842,52.4,71.675,8.875,43.5,,-1.0663679505828705
COL,Colombia,Andean,2000,65.4,23.9,,,4016.80951748167,,,20.523,58.4,,1.7331704137445278
COL,Colombia,Andean,2001,71.5,29.6,,,4020.50789754842,,,15.04,57.3,,1.3730295457599049
COL,Colombia,Andean,2002,62.5,21.2,,,4058.28493578738,,,14.481,56.0,,1.1719966206614625
COL,Colombia,Andean,2003,63.3,19.8,,,4154.17528523618,,,13.221,53.6,,0.9825095243491028
COL,Colombia,Andean,2004,62.4,19.2,,,4311.91591255233,,,12.736,55.0,,0.987904088157894
COL,Colombia,Andean,2005,59.1,16.8,,,4457.27537460443,,,11.062,53.9,,0.7759848002391199
COL,Colombia,Andean,2006,11.0,12.5,71.569,,4694.03442939175,,,,,,-0.1626700084891755
COL,Colombia,Andean,2007,11.0,13.0,67.078,,4947.25260813108,,,10.252,,,0.0180701078976274
COL,Colombia,Andean,2008,53.2,16.3,66.839,,5048.57187245249,,,10.52,55.3,,0.6291078118811371
COL,Colombia,Andean,2009,52.2,15.1,68.763,,5046.97121757727,,,11.319,54.3,8.01076,0.6526736262650392
COL,Colombia,Andean,2010,50.0,13.3,68.069,52.303389936501134,5214.24547620131,,,11.153,54.6,7.818227,0.5862485933129422
COL,Colombia,Andean,2011,47.0,11.3,67.371,51.59690511188665,5517.1011086899,,,10.288,53.5,7.895202,0.4798023254775002
COL,Colombia,Andean,2012,46.3,12.7,66.953,48.86409617093772,5675.75617978305,,,9.959,52.6,8.219974,0.4484562236933427
COL,Colombia,Andean,2013,44.1,11.8,65.045,,5910.80592301166,,,9.246,52.6,8.223277,0.3224724643366011
COL,Colombia,Andean,2014,41.9,10.9,63.429,65.67668140249768,6121.83982019825,,,8.799,52.5,8.449039,0.1545811737378716
COL,Colombia,Andean,2015,41.3,10.2,63.208,36.25845193849383,6248.51490534512,,,8.572,51.0,8.766335,0.3590325405998316
COL,Colombia,Andean,2016,41.4,10.1,62.419,34.44578212347652,6316.07067782542,57.925,81.025,8.9,50.6,8.541981,0.3701672515727164
COL,Colombia,Andean,2017,41.0,9.5,62.192,33.62927684746593,6309.67745292518,57.725,80.775,9.1,49.7,8.956186,0.3558701814663234
COL,Colombia,Andean,2018,41.1,9.8,62.421,32.53500693888912,6353.5464285392,56.95,80.55,9.35,50.4,8.674244,0.3993353293060859
COL,Colombia,Andean,2019,41.8,11.3,61.95,31.535999639393065,6439.96359812647,56.25,79.775,10.2,51.3,8.618016,0.4719530867630064
COL,Colombia,Andean,2020,48.6,15.8,63.563,31.810316783793063,5891.955232154031,50.45,76.05,15.4,53.5,,0.8599426042900085
COL,Colombia,Andean,2021,44.0,11.2,63.242,41.45667732296547,6457.16921807086,49.025,75.2,13.85,55.1,,0.6894036613924678
COL,Colombia,Andean,2022,40.2,9.3,58.150000000000006,40.982231793662535,6856.72590505374,51.325,76.425,10.875,54.8,,0.4558158922495356
COL,Colombia,Andean,2023,39.1,8.6,56.506,,6828.59753791113,52.175,76.6,9.825,53.9,,0.2186778311610664
CRI,Costa Rica,Central America,2000,41.4,9.8,,,7726.51985682031,,,,47.4,5.530752,-0.2005353111987781
CRI,Costa Rica,Central America,2001,32.1,7.6,,,7854.2339580182,,,6.051,51.5,5.608459,-0.1549610420137676
CRI,Costa Rica,Central America,2002,31.8,6.6,,,7989.55926102157,,,6.396,51.8,5.483438,-0.1264587962588433
CRI,Costa Rica,Central America,2003,30.4,6.9,,,8207.45746763047,,,6.654,49.3,5.361566,-0.2407357230905687
CRI,Costa Rica,Central America,2004,32.2,6.6,,,8445.52914945791,,,6.445,48.4,5.22419,-0.2821718963278934
CRI,Costa Rica,Central America,2005,29.6,5.0,,,8655.33965418585,,,6.749,47.5,5.103722,-0.3370182339497536
CRI,Costa Rica,Central America,2006,29.4,5.2,,,9160.29437453236,,,5.926,49.3,4.942818,-0.3356408869622996
CRI,Costa Rica,Central America,2007,24.3,3.1,,,9779.51149389818,,,4.557,49.3,5.074179,-0.5089090060408116
CRI,Costa Rica,Central America,2008,23.3,3.4,,70.16919455841956,10104.9092039691,,,4.934,48.6,5.227416,-0.5376146312090228
CRI,Costa Rica,Central America,2009,22.8,3.6,,72.6779393323244,9883.67567046297,,,7.824,50.6,5.922335,-0.3340890563432648
CRI,Costa Rica,Central America,2010,18.8,2.2,37.852,67.15197564698727,10285.0856660419,,,7.171,48.0,6.089683,-0.5955888908813801
CRI,Costa Rica,Central America,2011,19.8,2.7,37.072,67.9458180662888,10612.4694861141,,,9.518,48.8,6.067275,-0.4770060449316244
CRI,Costa Rica,Central America,2012,18.4,2.6,39.113,67.33135389881234,11001.5192856576,,,9.11,48.4,6.228293,-0.4996213929533244
CRI,Costa Rica,Central America,2013,18.4,2.6,40.871,,11151.1437869768,,,8.218,49.2,6.454435,-0.5248649980622198
CRI,Costa Rica,Central America,2014,18.3,2.4,41.22,66.63172788804337,11422.6735793176,,,8.499,48.6,6.450303,-0.5033144092341494
CRI,Costa Rica,Central America,2015,17.5,2.4,42.052,72.0125786163522,11714.7105980732,,,8.415,48.4,6.570734,-0.5651374681918792
CRI,Costa Rica,Central America,2016,17.0,2.4,40.161,73.20826287430918,12084.4351325634,44.275,72.32499999999999,9.525,48.7,6.64408,-0.544459417440542
CRI,Costa Rica,Central America,2017,15.8,1.7,40.73,74.5477403549112,12468.5654531709,44.55,72.95,9.075,48.3,,-0.5989314786181131
CRI,Costa Rica,Central America,2018,16.5,2.3,40.919,73.9639081102486,12679.5253643016,46.875,74.325,10.3,48.0,,-0.5414688948483434
CRI,Costa Rica,Central America,2019,16.7,1.7,41.847,73.5669364898356,12877.650101079,50.575,74.375,11.75,48.2,7.71174,-0.4571209635642503
CRI,Costa Rica,Central America,2020,23.3,3.4,40.016,82.9141614841962,12242.2098908533,48.125,72.225,19.625,49.2,9.039073,-0.1055355397697929
CRI,Costa Rica,Central America,2021,17.8,2.2,41.315,71.03818526547559,13146.6927918465,48.675,71.825,16.45,48.7,,-0.2021676268744857
CRI,Costa Rica,Central America,2022,17.1,1.6,39.869,70.89552439601428,13686.1614090822,48.4,71.27499999999999,12.25,47.2,,-0.4668322429172507
CRI,Costa Rica,Central America,2023,15.3,1.5,37.102,,14318.8389652137,42.275,68.4,8.9,46.7,,-0.7059393254524658
CUB,Cuba,Caribbean,2000,,,,,4112.26168350671,,,5.447,,6.426875,-0.1446257419227375
CUB,Cuba,Caribbean,2001,,,,,4229.90309433356,,,4.079,,6.544643,-0.3520915291320091
CUB,Cuba,Caribbean,2002,,,,,4277.39565642359,,,3.311,,7.093672,-0.465780682240871
CUB,Cuba,Caribbean,2003,,,,,4426.96599591833,,,2.325,,7.061622,-0.6236811342133152
CUB,Cuba,Caribbean,2004,,,,,4670.18802138025,,,1.854,,7.247375,-0.7211980161377659
CUB,Cuba,Caribbean,2005,,,,,5182.35283601732,,,1.95,,9.175734,-0.7698328115111466
CUB,Cuba,Caribbean,2006,,,,,5799.41163668615,,,1.913,,8.938282,-0.8420319461500924
CUB,Cuba,Caribbean,2007,,,,,6215.76603727772,,,1.788,,8.390568,-0.9007715816491216
CUB,Cuba,Caribbean,2008,,,,,6469.08507847668,,,1.583,,9.274861,-0.9531477388813614
CUB,Cuba,Caribbean,2009,,,,,6561.25305093006,,,1.67,,9.135676,-0.9494534678241912
CUB,Cuba,Caribbean,2010,,,,,6716.49048497058,,,2.5,,8.664474,-0.8477130891468335
CUB,Cuba,Caribbean,2011,,,,,6902.16397571139,,,3.175,,7.885909,-0.7698901586426438
CUB,Cuba,Caribbean,2012,,,,,7109.24834185635,,,3.498,,7.30917,-0.7424911563390325
CUB,Cuba,Caribbean,2013,,,,,7307.82004410741,,,3.288,,7.203557,-0.7881760643734887
CUB,Cuba,Caribbean,2014,,,,,7392.48324633027,,,2.7,,6.929429,-0.876989464423394
CUB,Cuba,Caribbean,2015,,,,,7727.91997207998,,,2.4,,6.467584,-0.9452458972102856
CUB,Cuba,Caribbean,2016,,,,,7774.0698462623,,,2.0,,6.346394,-1.0045417401728098
CUB,Cuba,Caribbean,2017,,,,,7927.27769431767,,,1.7,,6.152337,-1.057982817918783
CUB,Cuba,Caribbean,2018,,,,,8120.43123558256,,,1.7,,6.199174,-1.0723294058611854
CUB,Cuba,Caribbean,2019,,,,,8124.75282059108,,,,,6.876552,-0.6497621746323629
CUB,Cuba,Caribbean,2020,,,,,7252.28811179844,,,,,,-0.514364941404497
CUB,Cuba,Caribbean,2021,,,,,7379.04275283674,,,,,,-0.5350167891398485
CUB,Cuba,Caribbean,2022,,,,,7552.33152218842,,,,,,-0.5626835391721782
CUB,Cuba,Caribbean,2023,,,,,7433.42885399674,,,,,,-0.543769253633686
DOM,Dominican Republic,Caribbean,2000,39.8,8.3,90.40433333333334,,4123.10573163115,,,6.432,51.5,,0.4736266374539909
DOM,Dominican Republic,Caribbean,2001,39.2,6.6,88.418,,4158.98430282429,,,7.262,50.0,,0.4369255559361272
DOM,Dominican Republic,Caribbean,2002,39.0,9.0,91.008,,4280.80182397408,,,6.779,49.7,,0.4215003503152211
DOM,Dominican Republic,Caribbean,2003,47.8,10.7,89.802,,4162.66686117661,,,6.938,52.1,,0.5864786334606221
DOM,Dominican Republic,Caribbean,2004,55.6,14.6,89.41366666666667,,4212.01044121773,,,6.303,52.1,,0.6151102831438722
DOM,Dominican Republic,Caribbean,2005,46.6,9.9,70.46733333333333,,4549.24957008857,,,6.587,50.0,,0.2335820955338161
DOM,Dominican Republic,Caribbean,2006,43.5,8.1,65.381,,4904.71715839398,,,5.654,52.0,,0.1444040664384993
DOM,Dominican Republic,Caribbean,2007,43.0,7.8,57.701,15.238191905000914,5204.78500652254,,,5.158,48.9,,0.3271715708744824
DOM,Dominican Republic,Caribbean,2008,44.2,7.1,57.991,23.145734733386515,5308.92664966814,,,4.764,48.1,,0.2215253084894994
DOM,Dominican Republic,Caribbean,2009,41.5,6.3,55.012,29.703929643788523,5294.64953374426,,,5.467,48.9,,0.1678758619346986
DOM,Dominican Republic,Caribbean,2010,42.0,5.5,53.945,32.72714638150594,5666.45633430206,,,5.212,47.3,,0.0620317597006091
DOM,Dominican Republic,Caribbean,2011,40.2,5.3,56.171,31.27599733774354,5773.57403459156,,,6.087,47.7,,0.1319596718257426
DOM,Dominican Republic,Caribbean,2012,39.6,5.4,56.26,35.54824512155059,5860.29893321013,,,6.722,46.1,,0.0695441048805651
DOM,Dominican Republic,Caribbean,2013,39.3,4.4,55.900000000000006,33.04242953360832,6075.03399972737,,,7.351,47.7,,0.1548748137763803
DOM,Dominican Republic,Caribbean,2014,33.5,4.1,54.245,34.53420086929543,6430.27811051339,,,6.719,44.3,,-0.0580903904220165
DOM,Dominican Republic,Caribbean,2015,29.4,3.3,56.274,31.04564043252299,6800.95309395474,,,7.605,45.2,,0.0185093568987135
DOM,Dominican Republic,Caribbean,2016,27.4,3.0,56.327,59.13892315705651,7177.75376475488,49.3,76.875,7.575,45.7,,-0.2508937855867552
DOM,Dominican Republic,Caribbean,2017,23.8,1.5,57.168,52.25705077177469,7379.39978067137,49.45,76.35,6.025,42.2,,-0.3856420994624344
DOM,Dominican Republic,Caribbean,2018,20.9,1.1,56.79,53.23810963757796,7818.70593240469,50.825,78.1,6.2,43.7,,-0.3805416345194461
DOM,Dominican Republic,Caribbean,2019,18.8,1.0,54.284,49.556432141737865,8117.04639185786,52.9,78.6,6.5,41.9,,-0.4330077839592999
DOM,Dominican Republic,Caribbean,2020,21.7,1.3,54.453,,7395.8734262396,48.225,74.525,6.375,39.6,,-0.6714516177114366
DOM,Dominican Republic,Caribbean,2021,21.8,1.3,57.314,51.0725337412953,8344.90510312395,51.725,76.05,7.925,38.5,,-0.4315596360308397
DOM,Dominican Republic,Caribbean,2022,20.2,1.0,56.457,,8698.13592094395,51.075,76.975,5.6,37.0,,-0.8334079532239628
DOM,Dominican Republic,Caribbean,2023,16.9,1.3,55.676,,8809.96335385949,52.775,76.85,5.475,38.4,,-0.8343905097446399
ECU,Ecuador,Andean,2000,76.6,34.1,,,3953.39879728357,,,4.8,56.3,,0.679571393573652
ECU,Ecuador,Andean,2001,3.3,3.4,76.14,,4049.0001889951,,,4.252,,,-0.2946329506577296
ECU,Ecuador,Andean,2002,3.3,3.5,,,4174.89793579965,,,7.168,,,-0.4402053972606248
ECU,Ecuador,Andean,2003,58.7,18.9,74.667,,4220.21298466638,,,5.662,53.5,,0.4815379821891007
ECU,Ecuador,Andean,2004,59.7,19.4,75.202,,4430.23717984188,,,5.002,53.9,,0.4624972049965209
ECU,Ecuador,Andean,2005,51.9,15.4,74.66666666666667,,4589.32849203452,,,3.779,53.1,,0.280451384370776
ECU,Ecuador,Andean,2006,46.8,10.9,74.846,,4706.98056823816,,,3.55,52.3,,0.1893643213390833
ECU,Ecuador,Andean,2007,45.9,10.9,74.162,,4715.30359842555,,,3.142,53.4,,0.1879651271358516
ECU,Ecuador,Andean,2008,43.4,9.8,72.591,63.09270414643703,4939.90215021789,,,3.917,49.8,,0.0177793024467197
ECU,Ecuador,Andean,2009,44.4,9.3,70.291,,4909.33681705683,,,4.608,48.5,,0.0309269702801493
ECU,Ecuador,Andean,2010,39.7,7.8,66.803,70.4163391107322,5022.20374387205,,,4.088,48.8,,-0.1586356569116558
ECU,Ecuador,Andean,2011,35.9,6.4,63.426,44.92821223167456,5359.45724615639,,,3.458,45.9,,-0.1135939432546911
ECU,Ecuador,Andean,2012,32.6,6.0,61.239,73.97964035546029,5579.85624282158,,,3.235,46.1,,-0.4386551142073003
ECU,Ecuador,Andean,2013,32.5,4.5,60.02,,5893.32172683036,,,2.913,46.9,,-0.3928504650171566
ECU,Ecuador,Andean,2014,28.7,4.0,57.92933333333333,76.33446319618591,6055.04172761485,,,3.279,45.0,,-0.5684796720944988
ECU,Ecuador,Andean,2015,29.8,4.8,58.239666666666665,74.9680965031751,5976.1596805651,,,3.419,46.0,,-0.5065653361409242
ECU,Ecuador,Andean,2016,29.3,5.0,61.00533333333333,73.802730134091,5849.13587933672,53.775,77.95,6.275,45.0,,-0.3643984870432812
ECU,Ecuador,Andean,2017,28.3,4.3,62.54666666666667,74.95619482366222,6104.27253521751,53.925,78.1,5.225,44.7,,-0.4333219705348188
ECU,Ecuador,Andean,2018,28.9,4.7,62.64533333333333,32.069722858663816,6063.0956178776,52.0,76.65,4.800000000000001,45.4,,-0.0336647152412076
ECU,Ecuador,Andean,2019,30.6,4.6,63.49266666666667,33.62006004890867,5971.38938386723,51.275,75.57499999999999,5.125,45.7,,0.0002526759669474
ECU,Ecuador,Andean,2020,36.0,8.4,68.926,46.19756146727101,5355.68934196443,49.3,72.0,6.6,47.3,,0.1162173630861302
ECU,Ecuador,Andean,2021,33.5,5.3,68.63466666666667,44.65771046994951,5815.09477390949,54.125,78.1,4.775,45.8,,-0.0360594252824496
ECU,Ecuador,Andean,2022,30.9,4.4,68.695,41.093785146073806,6107.49495006543,54.775,78.0,4.0,45.5,,-0.0771116933476593
ECU,Ecuador,Andean,2023,30.8,4.7,68.15066666666667,,6174.81822806637,53.175,77.375,3.5,44.6,,-0.3703919640433221
GTM,Guatemala,Central America,2000,41.7,8.8,,,3165.9323746889,,,1.912,54.2,,0.0541152157861329
GTM,Guatemala,Central America,2001,2.1,1.4,,,3166.20351297452,,,,,,-0.537270756981295
GTM,Guatemala,Central America,2002,2.1,1.6,81.882,,3213.26837369582,,,2.254,,,-0.2939057562224492
GTM,Guatemala,Central America,2003,2.1,1.7,81.109,,3222.15468293683,,,2.807,,,-0.2676100802534852
GTM,Guatemala,Central America,2004,2.2,1.9,81.206,,3250.20406037693,,,2.971,,,-0.2561871791510947
GTM,Guatemala,Central America,2005,2.3,2.1,,,3284.80971612832,,,,,,-0.5546082445923729
GTM,Guatemala,Central America,2006,40.2,10.5,80.127,50.58905030434253,3388.15003339926,,,1.902,54.5,,0.2988588985076009
GTM,Guatemala,Central America,2007,2.6,2.5,,,3527.7782721364,,,,,,-0.5902666420104333
GTM,Guatemala,Central America,2008,2.7,2.6,,,3569.92861121538,,,,,,-0.5950555100452002
GTM,Guatemala,Central America,2009,3.0,2.9,,,3516.19227725255,,,,,,-0.5791486558529517
GTM,Guatemala,Central America,2010,3.2,3.3,80.929,,3546.6258162259,,,3.497,,,-0.2381842479848122
GTM,Guatemala,Central America,2011,3.4,3.6,81.208,63.81365965668214,3621.37409769184,,,4.126,,,-0.1958653849150247
GTM,Guatemala,Central America,2012,3.6,3.6,82.655,,3655.57315791242,,,2.765,,,-0.2681377143249416
GTM,Guatemala,Central America,2013,3.8,3.8,80.532,,3717.30462628413,,,3.017,,,-0.2846335446513617
GTM,Guatemala,Central America,2014,44.8,8.0,78.064,63.26831186866602,3809.61587570091,,,2.717,48.3,,0.0333261401757856
GTM,Guatemala,Central America,2015,4.2,4.2,79.179,,3893.50533299068,,,2.506,,,-0.3494462269145767
GTM,Guatemala,Central America,2016,4.2,4.2,79.206,,3924.77894837098,,,2.583,,,-0.3460655879133973
GTM,Guatemala,Central America,2017,4.3,4.2,80.107,,3972.74057836068,,,2.462,,,-0.343664543467527
GTM,Guatemala,Central America,2018,4.4,4.4,80.564,,4040.2121371198,,,2.283,,,-0.3532618405862445
GTM,Guatemala,Central America,2019,4.4,4.4,78.985,,4139.12203836307,,,2.193,,,-0.3900615574423642
GTM,Guatemala,Central America,2020,4.9,6.1,,,4005.83911593999,,,,,,-0.6133466329574916
GTM,Guatemala,Central America,2021,4.5,4.8,81.935,,4268.62858565412,,,2.174,,,-0.3558508305081954
GTM,Guatemala,Central America,2022,5.1,6.2,79.727,,4385.14891178047,,,3.051,,,-0.3285054227638568
GTM,Guatemala,Central America,2023,47.3,9.7,83.18766666666666,,4470.70728455461,,,2.344,45.2,,-0.0083072941167011
GUY,Guyana,Caribbean,2000,,,,,3759.60789699989,,,,,,0.268712907300671
GUY,Guyana,Caribbean,2001,,,,,3847.09461851367,,,,,,0.2412950904412594
GUY,Guyana,Caribbean,2002,,,,,3894.87107415198,,,11.814,,,0.7751029592937912
GUY,Guyana,Caribbean,2003,,,,,3873.04123684261,,,,,,0.2332833759065924
GUY,Guyana,Caribbean,2004,,,,,3937.11435304522,,,,,,0.2137267506080363
GUY,Guyana,Caribbean,2005,,,,,3867.93308158647,,,,,,0.2348564042060014
GUY,Guyana,Caribbean,2006,,,,,4076.77981715707,,,10.7,,,0.5926429786019428
GUY,Guyana,Caribbean,2007,,,,,4382.10449666813,,,,,,0.0860974008048792
GUY,Guyana,Caribbean,2008,,,,,4472.34517889699,,,,,,0.0618020125418808
GUY,Guyana,Caribbean,2009,,,,,4649.34144792756,,,,,,0.0155413882867581
GUY,Guyana,Caribbean,2010,,,,,4860.09110980566,,,,,,-0.0372972251661491
GUY,Guyana,Caribbean,2011,,,,,5133.89539813637,,,,,,-0.102622040726639
GUY,Guyana,Caribbean,2012,,,,,5403.79899428921,,,,,,-0.1636917820139631
GUY,Guyana,Caribbean,2013,,,,,5573.3421790463,,,,,,-0.2005126172307609
GUY,Guyana,Caribbean,2014,,,,,5635.71704117947,,,,,,-0.2137777905473236
GUY,Guyana,Caribbean,2015,,,,,5640.41560569466,,,,,,-0.2147710736656025
GUY,Guyana,Caribbean,2016,,,,,5818.61682204646,,,,,,-0.251844757318693
GUY,Guyana,Caribbean,2017,,,50.808,,5997.18271426826,,,,,,-0.4330288104293194
GUY,Guyana,Caribbean,2018,,,52.428333333333335,,6080.90612132746,,,13.627,,,0.3473725425750569
GUY,Guyana,Caribbean,2019,,,51.10066666666667,,6278.63054079553,,,13.172,,,0.2662390624315607
GUY,Guyana,Caribbean,2020,,,53.254,,9010.61000469878,,,12.594,,,0.1114163593768536
GUY,Guyana,Caribbean,2021,,,51.248,,10711.9973374148,,,14.738,,,0.2023997770945264
GUY,Guyana,Caribbean,2022,,,,,17365.3336428642,,,,,,-1.555078684521714
GUY,Guyana,Caribbean,2023,,,,,23101.3538282741,,,,,,-1.895263795071121
HND,Honduras,Central America,2000,1.7,2.2,,,1789.47798512637,,,,,,-0.2063751061059638
HND,Honduras,Central America,2001,59.9,26.5,,,1789.18816032117,,,4.0,55.4,,0.6299414929627213
HND,Honduras,Central America,2002,65.8,29.0,,,1807.97305547292,,,4.019,55.7,,0.7086756712787217
HND,Honduras,Central America,2003,69.1,34.0,,,1842.29750018813,,,5.302,58.1,,0.9341351827070326
HND,Honduras,Central America,2004,67.9,33.3,,,1908.90950050464,,,5.986,58.1,,0.9574793613946164
HND,Honduras,Central America,2005,66.1,31.3,,,1975.85647913236,,,4.909,59.5,,0.9121524240945428
HND,Honduras,Central America,2006,60.8,27.3,74.263,,2056.53491469231,,,3.574,57.5,,0.6894677541392976
HND,Honduras,Central America,2007,58.5,22.0,72.17,,2134.19540639485,,,3.211,55.8,,0.555735452182719
HND,Honduras,Central America,2008,55.6,20.9,79.708,51.48208425602305,2175.14709403064,,,3.156,55.5,,0.5792375746250212
HND,Honduras,Central America,2009,52.9,18.1,78.92,50.48131517654235,2076.30859895638,,,3.292,51.3,,0.4543874230427556
HND,Honduras,Central America,2010,55.5,19.6,80.478,53.24196704878171,2108.47314459603,,,4.119,53.1,,0.5516235987756611
HND,Honduras,Central America,2011,56.2,20.1,82.205,50.90285446945772,2144.56265540491,,,4.474,52.6,,0.5940597124533624
HND,Honduras,Central America,2012,61.0,24.0,83.935,,2188.39378817891,,,3.755,53.4,,0.6588823694975846
HND,Honduras,Central America,2013,59.1,20.8,82.71733333333333,55.793754864058286,2205.40126728067,,,5.646,50.0,,0.5503580032744076
HND,Honduras,Central America,2014,58.2,20.6,79.002,,2229.24772232218,,,7.078,49.9,,0.6345969466509052
HND,Honduras,Central America,2015,58.0,19.9,80.84933333333333,45.89311755034082,2271.20265980349,,,6.147,49.2,,0.6084863106995414
HND,Honduras,Central America,2016,55.4,19.8,79.82499999999999,35.92023992843353,2315.72983058198,,,6.727,49.8,,0.7101882310784865
HND,Honduras,Central America,2017,56.4,19.3,82.612,43.53632448380922,2383.37398439714,,,5.528,49.4,,0.6026295470596094
HND,Honduras,Central America,2018,56.1,19.8,,36.65317101270991,2430.13503657762,,,5.648,48.9,,0.520560710740419
HND,Honduras,Central America,2019,54.5,18.8,,32.18075339460616,2447.61649282181,,,5.698,48.2,,0.5318419242693213
HND,Honduras,Central America,2020,3.6,8.2,,,2189.43168668222,,,10.982,,,0.175177203568969
HND,Honduras,Central America,2021,3.3,6.1,,,2423.76634916911,,,8.506,,,-0.0998505874899051
HND,Honduras,Central America,2022,3.7,7.7,,,2482.22384904714,,,8.774,,,-0.0783134901546927
HND,Honduras,Central America,2023,53.3,17.0,,,2527.27366333188,,,6.07,46.8,,0.2234751207509366
HTI,Haiti,Caribbean,2000,,,,,1342.89490450523,,,,,,1.4957533745623817
HTI,Haiti,Caribbean,2001,93.6,75.1,,,1314.11419693969,,,,59.0,,1.969455140523296
HTI,Haiti,Caribbean,2002,,,,,1304.5293810385,,,,,,1.530300824407424
HTI,Haiti,Caribbean,2003,,,,,1326.47161042212,,,25.438,,,3.315781479540989
HTI,Haiti,Caribbean,2004,,,,,1286.90282128221,,,,,,1.546515281617038
HTI,Haiti,Caribbean,2005,,,,,1304.33303731231,,,,,,1.5304802291269637
HTI,Haiti,Caribbean,2006,,,,,1305.03813815611,,,,,,1.529836084490224
HTI,Haiti,Caribbean,2007,,,,,1343.61111422048,,,16.8,,,2.104262661589396
HTI,Haiti,Caribbean,2008,,,,,1356.53400140048,,,,,,1.4837089674369996
HTI,Haiti,Caribbean,2009,,,,,1412.89653523429,,,,,,1.4351881605769503
HTI,Haiti,Caribbean,2010,,,,,1317.58389339746,,,,,,1.518432735156567
HTI,Haiti,Caribbean,2011,,,,,1369.16921255852,,,,,,1.4726586422250012
HTI,Haiti,Caribbean,2012,88.2,40.4,91.607,19.462140238009475,1354.88546124499,,,14.1,41.1,,1.4250038092240471
HTI,Haiti,Caribbean,2013,,,,,1392.38204736859,,,,,,1.4526206911703536
HTI,Haiti,Caribbean,2014,,,,,1411.76834802154,,,,,,1.436140259943276
HTI,Haiti,Caribbean,2015,,,,,1411.12684746796,,,,,,1.436681974242116
HTI,Haiti,Caribbean,2016,,,,,1416.74881879698,,,,,,1.431942863049489
HTI,Haiti,Caribbean,2017,,,,,1432.67228609541,,,,,,1.4186213505874914
HTI,Haiti,Caribbean,2018,,,,,1437.35251928349,,,,,,1.4147340310834635
HTI,Haiti,Caribbean,2019,,,,,1394.42114071112,,,,,,1.4508764806714576
HTI,Haiti,Caribbean,2020,,,,,1331.69778506932,,,,,,1.5057331140721242
HTI,Haiti,Caribbean,2021,,,,,1292.71954963551,,,,,,1.5411401216373537
HTI,Haiti,Caribbean,2022,,,,,1256.72143592448,,,,,,1.5748014815021805
HTI,Haiti,Caribbean,2023,,,,,1219.11871645847,,,,,,1.611008941534544
JAM,Jamaica,Caribbean,2000,,,,,5197.39692210665,,,15.539,,,1.1223225285136027
JAM,Jamaica,Caribbean,2001,,,,,5234.02744397806,,,14.989,,,1.0414842574829135
JAM,Jamaica,Caribbean,2002,46.6,6.4,,32.64992479236152,5305.87658697244,,,14.19,48.3,,0.7467840685999896
JAM,Jamaica,Caribbean,2003,,,,,5467.17406988236,,,11.736,,,0.5621456229510541
JAM,Jamaica,Caribbean,2004,44.3,4.5,,,5507.20135110043,,,11.442,45.5,,0.2064307660937858
JAM,Jamaica,Caribbean,2005,,,,,5525.73577833713,,,11.263,,,0.4898746194923719
JAM,Jamaica,Caribbean,2006,,,,,5656.66803579988,,,10.325,,,0.3451904008410396
JAM,Jamaica,Caribbean,2007,,,,,5710.53878446758,,,9.745,,,0.2587078917021037
JAM,Jamaica,Caribbean,2008,,,,,5639.58974873397,,,6.666,,,-0.1629581237813047
JAM,Jamaica,Caribbean,2009,,,,,5372.14234169511,,,7.314,,,-0.043693290127299
JAM,Jamaica,Caribbean,2010,,,,57.94349235757294,5271.57221477938,,,7.63,,,0.0475694580048517
JAM,Jamaica,Caribbean,2011,,,,,5339.62170188798,,,8.034,,,0.0602708309797707
JAM,Jamaica,Caribbean,2012,,,,,5284.00852557589,,,8.695,,,0.1586330743145999
JAM,Jamaica,Caribbean,2013,,,,,5289.88438546111,,,9.698,,,0.2977576662417531
JAM,Jamaica,Caribbean,2014,,,,,5307.19165380801,,,9.046,,,0.2049425797514975
JAM,Jamaica,Caribbean,2015,,,,,5339.30718256806,,,,,,-0.1493815084133027
JAM,Jamaica,Caribbean,2016,,,57.612,,5472.28314023034,,,8.634,,,0.0274392431813239
JAM,Jamaica,Caribbean,2017,,,57.667,52.77096107085335,5586.1365723133,,,7.399,,,0.030042056585657
JAM,Jamaica,Caribbean,2018,18.3,0.4,57.325,,5717.87621107532,,,5.47,35.3,,-0.8066631287470332
JAM,Jamaica,Caribbean,2019,,,56.427,,5814.79275311692,,,4.987,,,-0.3588684261917358
JAM,Jamaica,Caribbean,2020,,,57.973,,5317.84145033966,,,6.501,,,-0.1522600845632508
JAM,Jamaica,Caribbean,2021,22.9,1.4,58.27,,5607.45378253877,,,5.188,39.9,,-0.6051567333871004
JAM,Jamaica,Caribbean,2022,,,55.438,,5965.46127464873,,,4.083,,,-0.4725009117889575
JAM,Jamaica,Caribbean,2023,,,54.64,,6127.90771263434,,,3.022,,,-0.5974701723783619
MEX,Mexico,Mexico,2000,55.1,16.3,64.456,,9581.96970210753,,,,53.4,,0.2590281019239437
MEX,Mexico,Mexico,2001,22.3,18.3,,,9398.35074355724,,,2.757,,,-0.8824392442012362
MEX,Mexico,Mexico,2002,52.9,12.8,65.814,,9242.27886130016,,,3.003,50.6,,-0.1116993404054559
MEX,Mexico,Mexico,2003,21.9,16.8,66.203,,9221.99666693097,,,3.455,,,-0.5292925701518427
MEX,Mexico,Mexico,2004,50.4,11.0,65.982,,9421.28975988024,,,3.937,50.3,,-0.0955012792558698
MEX,Mexico,Mexico,2005,48.4,11.7,,,9491.51730225718,,,3.558,50.9,,-0.2244902816497583
MEX,Mexico,Mexico,2006,45.9,9.0,,,9813.8280424425,,,3.566,49.7,,-0.3144424270428012
MEX,Mexico,Mexico,2007,23.3,19.4,58.708666666666666,,9877.69532644737,,,3.628,,,-0.6323667942467781
MEX,Mexico,Mexico,2008,46.0,10.1,58.791,24.79557258697684,9826.3421836048,,,3.874,50.8,,0.1423095869607973
MEX,Mexico,Mexico,2009,26.5,24.4,60.128,,9074.1188145564,,,5.356,,,-0.4290750463212914
MEX,Mexico,Mexico,2010,46.3,8.4,60.523,40.448252968692834,9389.06722084275,,,5.303,47.7,,0.0044424133108051
MEX,Mexico,Mexico,2011,27.1,22.5,60.306,,9575.93437788582,,,5.175,,,-0.4482297662845812
MEX,Mexico,Mexico,2012,44.1,7.3,60.33866666666667,46.56734470352782,9782.51776305354,,,4.892,49.6,,-0.0425570451621268
MEX,Mexico,Mexico,2013,29.8,25.0,59.692,,9738.71059803658,,,4.921,,,-0.4491139541051026
MEX,Mexico,Mexico,2014,46.6,7.2,58.699000000000005,41.13503682937451,9862.48125444199,,,4.819,48.9,,-0.015139316537867
MEX,Mexico,Mexico,2015,27.8,21.5,58.717666666666666,,10021.2386118827,,,4.311,,,-0.5374272485009681
MEX,Mexico,Mexico,2016,37.8,4.4,58.089333333333336,51.70651841201539,10100.5021214015,43.525,77.775,3.925,46.9,,-0.2889832136349368
MEX,Mexico,Mexico,2017,26.5,16.2,57.86333333333333,,10193.7727193457,43.075,77.65,3.475,37.400000000000006,,-0.901534198166807
MEX,Mexico,Mexico,2018,35.3,3.9,57.617,46.766753020700186,10296.8690928534,43.575,77.475,3.325,46.0,,-0.3251949786500076
MEX,Mexico,Mexico,2019,25.5,13.7,57.61,,10159.4448364319,44.775,77.25,3.55,36.975,,-0.923416714114502
MEX,Mexico,Mexico,2020,36.5,4.3,56.171,46.66949297406845,9234.64362317923,42.6,74.5,4.433333333333334,44.6,,-0.2966672588642127
MEX,Mexico,Mexico,2021,24.0,14.4,57.753,,9728.05680032556,43.675,75.75,4.175,37.225,,-0.8816210423297435
MEX,Mexico,Mexico,2022,27.4,2.3,57.42033333333333,48.15743899250593,10013.2479236143,45.05,76.35,3.325,43.5,,-0.4667329052931538
MEX,Mexico,Mexico,2023,22.2,12.0,57.03866666666666,,10259.1766616403,46.275,76.375,2.825,36.475,,-1.0204468515208618
NIC,Nicaragua,Central America,2000,1.6,1.8,,,1458.37490084556,,,9.817,,,0.1978389220217412
NIC,Nicaragua,Central America,2001,72.3,26.3,,,1482.31517247279,,,4.12,52.9,,0.7280992851540408
NIC,Nicaragua,Central America,2002,1.5,1.7,,,1475.48635411179,,,,,,-0.0959739783252993
NIC,Nicaragua,Central America,2003,1.5,1.5,,,1494.95618752566,,,7.595,,,-0.019981742877658
NIC,Nicaragua,Central America,2004,1.5,1.5,,,1555.87425694816,,,6.409,,,-0.1460443981223064
NIC,Nicaragua,Central America,2005,65.4,16.5,,61.50995879214515,1601.48770707458,,,5.372,48.8,,0.4134292214013914
NIC,Nicaragua,Central America,2006,1.6,1.5,,,1644.37193565251,,,5.313,,,-0.2683291905886995
NIC,Nicaragua,Central America,2007,1.6,1.5,,,1703.20780299405,,,4.891,,,-0.3215052704641137
NIC,Nicaragua,Central America,2008,1.7,1.6,,,1736.65740610408,,,6.2,,,-0.2060834769907285
NIC,Nicaragua,Central America,2009,62.1,13.9,,45.63550744442061,1655.72028962416,,,8.157,43.9,,0.5351060122738229
NIC,Nicaragua,Central America,2010,1.7,1.7,,,1704.37875049059,,,7.828,,,-0.0473679190159901
NIC,Nicaragua,Central America,2011,1.7,1.7,,,1786.62863418308,,,,,,-0.2054254341981313
NIC,Nicaragua,Central America,2012,1.7,1.5,81.78833333333334,,1876.1759720149,,,5.208,,,0.0663054583770099
NIC,Nicaragua,Central America,2013,1.7,1.4,,,1941.45628552626,,,5.276,,,-0.3362239456745469
NIC,Nicaragua,Central America,2014,46.5,6.6,,68.1514933252246,2006.64869646533,,,4.52,46.2,,-0.0238446315958014
NIC,Nicaragua,Central America,2015,1.6,1.5,,,2074.45620634731,,,4.7,,,-0.4175930932397307
NIC,Nicaragua,Central America,2016,1.6,1.4,,,2140.14405941606,,,3.9,,,-0.5043085444277179
NIC,Nicaragua,Central America,2017,1.6,1.3,,,2209.63273423213,,,3.3,,,-0.5727510139382538
NIC,Nicaragua,Central America,2018,1.7,1.8,,,2107.3396261623,,,5.2,,,-0.3758589790305389
NIC,Nicaragua,Central America,2019,1.7,1.8,,,2019.91518620044,,,,,,-0.2785631680210969
NIC,Nicaragua,Central America,2020,1.7,2.0,,,1950.19181218473,,,,,,-0.257628848238273
NIC,Nicaragua,Central America,2021,1.6,1.7,,,2128.30881395452,,,,,,-0.3120040162155789
NIC,Nicaragua,Central America,2022,1.7,2.2,,,2175.73899144405,,,,,,-0.3228497266602339
NIC,Nicaragua,Central America,2023,1.7,2.2,,,2241.12235476653,,,,,,-0.3404947904049035
PAN,Panama,Central America,2000,46.3,16.3,,,6856.1491877083,,,13.525,56.6,1.62639,0.7896558520037895
PAN,Panama,Central America,2001,50.6,20.8,,,6787.86265820271,,,14.708,56.7,1.412376,0.9286254489870228
PAN,Panama,Central America,2002,47.9,17.2,,,6825.1774775292,,,14.108,56.1,1.203451,0.8283036437118405
PAN,Panama,Central America,2003,46.8,16.8,58.08,,7037.08164896629,,,13.619,55.6,1.044599,0.5709931811937188
PAN,Panama,Central America,2004,45.3,15.5,,,7468.76593461799,,,12.441,54.8,0.852316,0.5992566116866391
PAN,Panama,Central America,2005,44.5,14.5,,,7935.87134515908,,,10.327,53.8,0.923553,0.3814253171146134
PAN,Panama,Central America,2006,44.5,15.7,55.96,,8557.98017379308,,,9.111,54.6,0.940731,0.1923001309155232
PAN,Panama,Central America,2007,41.2,13.0,54.082,,9507.64640169959,,,6.783,52.7,1.2416,-0.0807678932705245
PAN,Panama,Central America,2008,33.2,9.0,51.011,67.05257681256329,10288.1549774225,,,,52.7,1.438061,-0.269473306500785
PAN,Panama,Central America,2009,32.3,6.6,52.363,64.04045949038138,10267.0633132424,,,5.105,51.8,1.270161,-0.3071981360084797
PAN,Panama,Central America,2010,30.2,7.7,49.801,64.01551547898761,10698.0717490512,,,5.832,51.6,1.211382,-0.3283886611416832
PAN,Panama,Central America,2011,27.1,6.1,46.549,60.503495717304034,11761.4988389067,,,3.922,51.3,1.455304,-0.4681536892052583
PAN,Panama,Central America,2012,26.6,7.4,46.974,63.453723288556304,12668.2945402358,,,3.714,51.7,1.106932,-0.5076461697789568
PAN,Panama,Central America,2013,26.0,5.9,47.864,64.52072029286185,13236.8306490828,,,3.732,51.5,1.103836,-0.5268780237604845
PAN,Panama,Central America,2014,24.4,6.4,48.017,63.386581090984016,13611.5490656071,,,4.444,50.5,1.034134,-0.5285320402504589
PAN,Panama,Central America,2015,22.0,4.8,47.846,73.67881481457358,14082.6548434996,,,4.402,50.8,5.4704,-0.6427330188126107
PAN,Panama,Central America,2016,20.6,4.8,48.518,74.67044600512985,14474.124340577,,,4.843,50.4,5.790385,-0.6523731468021298
PAN,Panama,Central America,2017,20.7,4.3,49.404,72.83539225787028,15045.545619615,,,5.461,49.9,5.888196,-0.6195097264271511
PAN,Panama,Central America,2018,18.5,3.7,51.358,75.9110519310142,15375.6434854475,,,5.313,49.2,,-0.6765798330498836
PAN,Panama,Central America,2019,17.8,2.9,52.8,76.6102648039169,15602.5420714581,,,6.409,49.8,,-0.608799378989542
PAN,Panama,Central America,2020,0.5,0.5,56.14,,12647.0826553801,,,18.548,,,0.0347530169253557
PAN,Panama,Central America,2021,20.3,3.3,55.673,86.3498973406225,14552.9401400295,,,10.293,50.9,,-0.424513946026978
PAN,Panama,Central America,2022,0.5,0.6,,,15956.0653932059,,,8.281,,,-0.91220634990381
PAN,Panama,Central America,2023,19.8,3.7,56.127,76.77563184426856,16877.1508423953,,,6.678,48.9,,-0.5913640122572289
PER,Peru,Andean,2000,67.6,25.5,,,3286.27308475523,,,4.069,49.1,4.492833,0.2690310044688489
PER,Peru,Andean,2001,68.4,27.4,,,3261.6642505136,,,4.848,51.3,4.380328,0.4299390377318428
PER,Peru,Andean,2002,64.5,24.4,98.292,,3398.74991419297,,,4.84,53.6,4.747981,0.8230390420860993
PER,Peru,Andean,2003,64.0,22.5,98.413,,3502.79165687646,,,4.151,53.1,4.868768,0.7569782523854457
PER,Peru,Andean,2004,64.3,23.5,91.067,,3640.60299869744,,,4.707,49.9,4.646253,0.5839152704883797
PER,Peru,Andean,2005,66.2,25.4,83.689,,3835.13219279722,,,4.866,50.4,4.796935,0.5279076556036776
PER,Peru,Andean,2006,60.6,21.8,81.965,,4091.36268615581,,,4.172,50.3,4.106541,0.3986866616904022
PER,Peru,Andean,2007,55.2,18.9,79.24,,4407.79121686416,,,4.078,50.0,3.663308,0.2836514125627748
PER,Peru,Andean,2008,50.9,15.8,78.845,52.401473460482215,4778.52642172313,,,4.025,47.5,3.177123,0.1796370181148178
PER,Peru,Andean,2009,49.1,13.7,77.058,64.11262007080079,4801.17153740507,,,3.964,47.0,3.349228,0.0229754675790844
PER,Peru,Andean,2010,45.7,11.2,76.848,68.36334906047897,5167.39259325937,,,3.595,45.5,3.109649,-0.118952004082136
PER,Peru,Andean,2011,42.4,10.3,75.579,66.12011771664453,5453.45718713631,,,3.477,44.7,3.007926,-0.1753808134452964
PER,Peru,Andean,2012,39.8,9.5,70.695,89.52099640436842,5740.04346272472,,,3.238,44.4,2.95389,-0.4873072096832766
PER,Peru,Andean,2013,39.3,8.6,69.771,63.02389489560052,6021.46142765232,,,3.575,43.9,3.134165,-0.2661174746705779
PER,Peru,Andean,2014,38.0,8.0,68.603,64.85444400090279,6103.91864749969,,,3.208,43.1,3.213282,-0.347120308380588
PER,Peru,Andean,2015,37.5,8.0,69.219,65.5979610351688,6231.71150338894,,,3.272,43.4,2.932846,-0.3441577994170789
PER,Peru,Andean,2016,36.4,7.5,68.057,64.94732735612638,6392.25474941014,,,3.741,43.6,2.749923,-0.3355355567382213
PER,Peru,Andean,2017,37.3,7.3,68.057,65.91964340105979,6457.41940254721,,,3.691,43.3,2.786446,-0.3505563397627255
PER,Peru,Andean,2018,35.2,6.1,68.451,66.82372512447853,6593.14437459526,,,3.492,42.4,2.62147,-0.4103204219282105
PER,Peru,Andean,2019,33.6,5.4,68.362,66.60889464277534,6626.26083494969,,,3.379,41.5,2.976552,-0.4536573728646894
PER,Peru,Andean,2020,48.1,10.3,70.141,79.8362844850821,5831.83024758521,,,7.179,43.7,4.201071,-0.1810977174967993
PER,Peru,Andean,2021,39.5,5.2,68.396,90.05337241531402,6547.84718181776,,,5.097,40.1,,-0.5809803767968296
PER,Peru,Andean,2022,37.8,4.8,74.70066666666666,83.36032683237273,6667.51695632036,,,4.003,40.3,,-0.5192999082187327
PER,Peru,Andean,2023,38.3,5.9,77.16866666666667,,6568.0002779793,,,4.569,40.7,,-0.2853263369131497
PRY,Paraguay,Mercosur,2000,1.0,0.9,,,4074.48953320457,,,7.607,,,-0.4248487001257881
PRY,Paraguay,Mercosur,2001,45.3,13.5,,,3972.88427866739,,,6.206,54.6,,0.3442095574572245
PRY,Paraguay,Mercosur,2002,57.5,19.6,,,3916.44022308731,,,9.393,57.3,,0.8270790808020377
PRY,Paraguay,Mercosur,2003,51.4,13.8,,,4035.71833919936,,,6.814,54.9,3.288841,0.4647135967088066
PRY,Paraguay,Mercosur,2004,50.3,10.7,,,4151.34584799423,,,6.513,52.3,2.900585,0.3101891957908985
PRY,Paraguay,Mercosur,2005,46.5,10.1,,,4193.28086525675,,,4.825,51.4,3.007663,0.1071123531530715
PRY,Paraguay,Mercosur,2006,50.4,14.1,,,4349.31197066239,,,5.277,53.0,3.497315,0.2416222015162215
PRY,Paraguay,Mercosur,2007,47.0,12.6,,37.1775379481223,4540.38235899258,,,4.713,53.0,3.355741,0.372319087064079
PRY,Paraguay,Mercosur,2008,43.9,7.9,77.688,43.72436825251371,4788.66318778074,,,4.415,50.7,2.860757,0.3042380605612007
PRY,Paraguay,Mercosur,2009,42.1,9.1,77.561,45.37423899723913,4727.59685811389,,,5.46,49.1,3.409198,0.279084804827957
PRY,Paraguay,Mercosur,2010,39.8,9.4,76.749,54.21751443529297,5191.05014254362,,,4.569,51.0,3.00659,0.1675005716848695
PRY,Paraguay,Mercosur,2011,38.0,8.9,73.898,52.2701903162328,5342.19015717538,,,4.67,52.3,3.542023,0.1800098896311466
PRY,Paraguay,Mercosur,2012,33.3,6.4,74.242,65.20145807942612,5230.26244858989,,,4.085,47.6,4.015425,-0.1293560366343614
PRY,Paraguay,Mercosur,2013,28.8,4.1,71.48,63.177257916062345,5583.12274473566,,,4.385,47.9,4.355003,-0.1627513783323363
PRY,Paraguay,Mercosur,2014,28.3,4.3,70.128,62.23301424808017,5794.47644689985,,,5.034,50.7,4.33154,-0.0676745466710076
PRY,Paraguay,Mercosur,2015,27.5,4.2,70.695,66.8305355793675,5879.33792308762,,,4.556,47.6,4.712555,-0.2248023502648209
PRY,Paraguay,Mercosur,2016,29.7,4.2,72.165,66.65952326712579,6041.95879367349,,,5.255,47.9,4.787462,-0.1562650464679611
PRY,Paraguay,Mercosur,2017,26.9,2.4,69.996,68.0194964215123,6243.1336313903,57.55,83.55,5.4,48.5,5.013944,-0.1938863762516476
PRY,Paraguay,Mercosur,2018,25.3,3.1,70.295,68.35523026045223,6354.2392005316,58.8,83.9,5.425,46.0,5.183923,-0.2807076272015998
PRY,Paraguay,Mercosur,2019,25.0,2.4,68.919,69.08777683418602,6243.53620897823,59.55,84.3,5.75,45.7,5.886203,-0.293313989769616
PRY,Paraguay,Mercosur,2020,27.9,2.6,69.7595,79.66020261256027,6109.19608100826,56.9,83.1,7.1,43.5,6.753471,-0.3560668231409944
PRY,Paraguay,Mercosur,2021,27.0,1.9,69.299,58.98821286903898,6278.11006663809,59.425,83.9,6.75,42.9,,-0.2173624287377078
PRY,Paraguay,Mercosur,2022,25.8,3.2,67.948,54.4405071383784,6218.19790694162,57.575,81.425,6.025,44.6,,-0.1809418680052816
PRY,Paraguay,Mercosur,2023,22.8,2.4,66.86133333333333,,6449.23028812969,58.3,82.15,5.275,44.2,,-0.384150969217209
SLV,El Salvador,Central America,2000,56.0,18.4,,,2964.89346881406,,,6.96,51.5,,0.4722531959084435
SLV,El Salvador,Central America,2001,57.2,19.4,,,2978.59734844669,,,6.96,51.3,,0.4759584710291946
SLV,El Salvador,Central America,2002,56.8,19.5,,,3016.06307728602,,,6.2,51.9,,0.4406658096223443
SLV,El Salvador,Central America,2003,58.4,20.9,,,3057.16467629097,,,6.9,50.4,,0.4387995156758972
SLV,El Salvador,Central America,2004,56.9,16.3,,,3081.23629665234,,,6.8,47.8,,0.2997831436092297
SLV,El Salvador,Central America,2005,57.1,16.4,,,3163.36118376833,,,6.961,48.5,,0.3357531259339572
SLV,El Salvador,Central America,2006,56.2,12.6,,,3302.34817354347,,,6.505,45.7,,0.1596648359183549
SLV,El Salvador,Central America,2007,53.1,9.2,,34.913291903106284,3359.1623024135,,,6.406,45.2,,0.3491464642320622
SLV,El Salvador,Central America,2008,56.0,12.6,,39.66796900069807,3420.44927357444,,,5.884,46.9,,0.3489680676065398
SLV,El Salvador,Central America,2009,56.6,12.4,,48.20007257140321,3337.81150878211,,,7.332,45.8,,0.3092667405914339
SLV,El Salvador,Central America,2010,54.8,11.4,,62.33652525182993,3398.49346060363,,,4.893,43.5,,-0.0823008983066843
SLV,El Salvador,Central America,2011,56.0,10.1,,58.05176989083938,3514.069144355,,,4.297,42.3,,-0.1070286819594012
SLV,El Salvador,Central America,2012,53.5,8.5,,89.60235235447641,3601.44222914588,,,3.843,41.8,,-0.5247335445601055
SLV,El Salvador,Central America,2013,49.1,7.1,,,3665.1547327058,,,3.693,43.4,,-0.248175821007253
SLV,El Salvador,Central America,2014,49.3,7.0,69.33733333333333,58.09289859305717,3713.94992016222,,,4.154,41.6,,-0.0924458969463797
SLV,El Salvador,Central America,2015,46.6,5.3,69.047,89.11105963327985,3790.34089108162,,,3.998,40.6,,-0.4397979457968359
SLV,El Salvador,Central America,2016,44.9,5.8,69.43533333333333,89.41050085634834,3875.84691357954,45.65,75.975,4.625,40.0,,-0.4443039657972881
SLV,El Salvador,Central America,2017,42.4,4.6,70.15533333333333,84.58887097980394,3954.84014277572,44.975,76.275,4.6,38.0,,-0.475069050707232
SLV,El Salvador,Central America,2018,39.1,4.1,68.484,82.79028969138574,4046.16291720583,44.8,75.625,4.2,38.6,,-0.5060597670176133
SLV,El Salvador,Central America,2019,34.7,3.0,69.12533333333333,85.49596587843489,4143.11437097867,45.625,76.9,4.425,38.8,,-0.5465527498948942
SLV,El Salvador,Central America,2020,1.4,1.5,68.742,,3808.53195436409,44.06666666666667,75.8,4.933333333333334,44.86666666666667,,-0.4283046184150337
SLV,El Salvador,Central America,2021,33.5,5.1,68.98266666666666,87.05460948456452,4247.54750394978,45.425,76.95,4.425,39.0,,-0.5705466989745565
SLV,El Salvador,Central America,2022,32.7,5.2,67.44833333333334,88.75225650688779,4355.96083888359,46.425,77.875,3.1,38.8,,-0.6796212252152504
SLV,El Salvador,Central America,2023,29.9,4.6,66.48400000000001,,4489.17787712717,48.5,78.275,3.05,39.8,,-0.5136290485903459
SUR,Suriname,Caribbean,2000,,,,,6128.31602380553,,,,,,-0.3136533683379784
SUR,Suriname,Caribbean,2001,,,,,6255.55274185687,,,,,,-0.3381462232918613
SUR,Suriname,Caribbean,2002,,,,,6301.31731043167,,,,,,-0.3468341851662831
SUR,Suriname,Caribbean,2003,,,,,6567.84309876847,,,,,,-0.3962105527451385
SUR,Suriname,Caribbean,2004,,,,,7021.98919924338,,,9.487,,,0.0995486210980384
SUR,Suriname,Caribbean,2005,,,,,7261.8171350196,,,,,,-0.5159299841020432
SUR,Suriname,Caribbean,2006,,,,,7599.35696921481,,,,,,-0.5700819987437379
SUR,Suriname,Caribbean,2007,,,,,7897.25648915828,,,,,,-0.6159124907288309
SUR,Suriname,Caribbean,2008,,,,,8129.11464659446,,,,,,-0.6504018794835983
SUR,Suriname,Caribbean,2009,,,,,8276.69079768793,,,8.711,,,-0.1065733782769974
SUR,Suriname,Caribbean,2010,,,,,8603.90786745855,,,7.154,,,-0.3466774626699309
SUR,Suriname,Caribbean,2011,,,,,9003.28597674886,,,7.545,,,-0.3192242518339004
SUR,Suriname,Caribbean,2012,,,,,9140.92898611536,,,8.1,,,-0.2509165137295293
SUR,Suriname,Caribbean,2013,,,,,9303.46008775809,,,6.602,,,-0.4701941954545164
SUR,Suriname,Caribbean,2014,,,,,9224.24378410547,,,6.945,,,-0.4172946422025622
SUR,Suriname,Caribbean,2015,,,,,8813.61705392067,,,7.222,,,-0.3515516426890278
SUR,Suriname,Caribbean,2016,,,51.71833333333333,,8293.31553031406,,,7.917,,,-0.3204200926926181
SUR,Suriname,Caribbean,2017,,,,,8338.69235401862,,,,,,-0.6807408455286196
SUR,Suriname,Caribbean,2018,,,,,8666.64870697797,,,,,,-0.7267191088773424
SUR,Suriname,Caribbean,2019,,,,,8677.30522021731,,,,,,-0.7281837630158661
SUR,Suriname,Caribbean,2020,,,,,7213.10766669943,,,,,,-0.5079082784308179
SUR,Suriname,Caribbean,2021,,,,,6973.89941868115,,,,,,-0.4677111956197566
SUR,Suriname,Caribbean,2022,20.9,2.2,,,7081.33357325783,,,,39.2,,-0.9520224444582136
SUR,Suriname,Caribbean,2023,,,,,7186.47308739957,,,,,,-0.5034990307036427
TTO,Trinidad and Tobago,Caribbean,2000,,,,,10023.0206669207,,,12.096,,,0.2511011016726492
TTO,Trinidad and Tobago,Caribbean,2001,,,,,10395.2041042218,,,,,,-0.9434799775439336
TTO,Trinidad and Tobago,Caribbean,2002,,,,,11165.960015838,,,10.389,,,-0.0511550698736025
TTO,Trinidad and Tobago,Caribbean,2003,,,,,12714.5004334846,,,,,,-1.183525914902529
TTO,Trinidad and Tobago,Caribbean,2004,,,,,13657.2534995604,,,,,,-1.268779383172948
TTO,Trinidad and Tobago,Caribbean,2005,,,,,15075.4179709902,,,7.951,,,-0.569837068405355
TTO,Trinidad and Tobago,Caribbean,2006,,,,,17021.2241679562,,,6.268,,,-0.8767401790419518
TTO,Trinidad and Tobago,Caribbean,2007,,,,,17758.6995224652,,,5.544,,,-1.002919996394003
TTO,Trinidad and Tobago,Caribbean,2008,,,,,18285.2735441992,,,4.627,,,-1.1481350860501311
TTO,Trinidad and Tobago,Caribbean,2009,,,,,17461.9640940055,,,5.28,,,-1.0296713651067697
TTO,Trinidad and Tobago,Caribbean,2010,,,,,17938.0949459463,,,4.033,,,-1.2194962354282586
TTO,Trinidad and Tobago,Caribbean,2011,,,,,17746.509252615,,,3.425,,,-1.2978332946123596
TTO,Trinidad and Tobago,Caribbean,2012,,,,,18835.6674122954,,,3.718,,,-1.2924949164375703
TTO,Trinidad and Tobago,Caribbean,2013,,,,,19392.1974593783,,,2.683,,,-1.4540947488938425
TTO,Trinidad and Tobago,Caribbean,2014,,,,,20032.5402001718,,,2.477,,,-1.502165372884181
TTO,Trinidad and Tobago,Caribbean,2015,,,,,19887.2327716498,,,2.428,,,-1.5046559439965237
TTO,Trinidad and Tobago,Caribbean,2016,,,,,18331.034459758,,,3.207,,,-1.3475283657159358
TTO,Trinidad and Tobago,Caribbean,2017,,,,,17402.6155328454,,,,,,-1.5576348385718966
TTO,Trinidad and Tobago,Caribbean,2018,,,,,17205.615135339,,,,,,-1.5440654459931786
TTO,Trinidad and Tobago,Caribbean,2019,,,,,17225.361633712,,,3.523,,,-1.2664123248518566
TTO,Trinidad and Tobago,Caribbean,2020,,,,,15679.9611486825,,,4.206,,,-1.1152047890217096
TTO,Trinidad and Tobago,Caribbean,2021,,,,,15558.0940536829,,,4.446,,,-1.07710638314197
TTO,Trinidad and Tobago,Caribbean,2022,,,,,15712.230497272,,,4.383,,,-1.091761707910114
TTO,Trinidad and Tobago,Caribbean,2023,,,,,15922.7668349788,,,3.361,,,-1.2421290208277596
URY,Uruguay,Mercosur,2000,11.7,0.8,,,11096.3309569487,,,12.627,43.4,,-0.3838090999713866
URY,Uruguay,Mercosur,2001,14.0,0.7,,,10643.5574019273,,,15.052,45.0,,-0.1068272548214265
URY,Uruguay,Mercosur,2002,18.3,1.1,,,9806.7713064359,,,16.648,45.5,,0.0996518546392409
URY,Uruguay,Mercosur,2003,24.3,1.5,,,9878.75684344081,,,16.661,45.0,,0.1454176611731968
URY,Uruguay,Mercosur,2004,25.0,1.7,,,10366.9067382871,,,12.98,45.9,,-0.0784933303023638
URY,Uruguay,Mercosur,2005,22.5,1.5,,,11131.3984890038,,,12.009,44.7,,-0.2479171622820449
URY,Uruguay,Mercosur,2006,22.1,1.0,44.357,,11574.470540231,,,10.844,45.9,,-0.4265535308278137
URY,Uruguay,Mercosur,2007,19.4,0.7,44.043,,12310.482735502,,,9.403,46.4,,-0.5327031740449204
URY,Uruguay,Mercosur,2008,14.6,0.4,42.772,71.87366407994811,13165.83628166,,,8.025,45.1,,-0.7154508534837954
URY,Uruguay,Mercosur,2009,13.4,0.4,42.364,77.03706204792137,13691.71420689,,,7.74,45.5,,-0.7853358594816818
URY,Uruguay,Mercosur,2010,11.9,0.3,40.897,79.7385283190211,14722.3780081191,,,7.158,44.5,,-0.9062508981221388
URY,Uruguay,Mercosur,2011,8.4,0.2,38.347,78.45665685700965,15443.9961926395,,,6.307,42.2,,-1.0617527362682309
URY,Uruguay,Mercosur,2012,7.8,0.3,36.199,79.90515587013425,15949.3176985435,,,6.451,39.9,,-1.1668078003765157
URY,Uruguay,Mercosur,2013,7.2,0.3,35.353,,16639.4054750651,,,6.444,40.5,,-1.1881936196570575
URY,Uruguay,Mercosur,2014,6.2,0.2,23.630333333333333,,17122.0364563225,,,6.547,40.1,,-1.350787347467508
URY,Uruguay,Mercosur,2015,5.9,0.2,23.879,77.87495520843011,17125.9016800298,,,7.488,40.1,,-1.2442359845932434
URY,Uruguay,Mercosur,2016,5.6,0.1,24.538666666666668,77.6231018052526,17357.2349992841,56.35,73.7,7.824999999999999,39.7,,-1.236278396401685
URY,Uruguay,Mercosur,2017,4.5,0.1,24.100666666666665,76.78474570155235,17611.6036701032,56.125,72.825,7.95,39.5,,-1.244170949166567
URY,Uruguay,Mercosur,2018,4.9,0.1,23.944333333333333,76.26966870368986,17608.9441195037,56.0,72.1,8.35,39.7,,-1.2135622355381284
URY,Uruguay,Mercosur,2019,5.0,0.1,24.138,76.89943043462311,17758.4384372986,55.85,71.5,8.925,39.7,,-1.1916199682803297
URY,Uruguay,Mercosur,2020,7.1,0.3,21.605,72.64516129032258,16443.3635000843,54.7,69.17500000000001,10.35,40.2,,-1.0657066781283395
URY,Uruguay,Mercosur,2021,6.7,0.2,21.433666666666667,72.42412834758612,17416.0052208869,55.725,69.75,9.325,40.8,,-1.1101439494387522
URY,Uruguay,Mercosur,2022,6.3,0.2,22.134,71.66006417971897,18228.3558443761,55.425,69.575,8.275,40.6,,-1.1629179479631215
URY,Uruguay,Mercosur,2023,6.6,0.2,31.756666666666668,,18378.9833563662,56.9,70.8,9.475,40.9,,-1.0770623404311963
VEN,Venezuela,Andean,2000,,,,,3740.0195496928,,,,,,0.2749391651773137
VEN,Venezuela,Andean,2001,55.3,14.7,,,3796.80579715312,,,8.83,47.2,,0.3347308849242354
VEN,Venezuela,Andean,2002,64.7,22.1,,,3398.56849937324,,,16.171,48.9,,1.0604866749484891
VEN,Venezuela,Andean,2003,70.8,27.1,,,3079.6634541359,,,16.779,47.9,,1.1587567868362405
VEN,Venezuela,Andean,2004,65.7,22.8,,,3580.85417271298,,,,47.3,,0.4701190280388285
VEN,Venezuela,Andean,2005,55.7,18.1,,,3884.70081071301,,,10.663,49.3,,0.5511199171966349
VEN,Venezuela,Andean,2006,43.3,9.7,,14.523409268338256,4199.39766916963,,,8.606,44.7,,0.5353364977756243
VEN,Venezuela,Andean,2007,,,,,4496.84905010777,,,7.279,,,0.0574179699744662
VEN,Venezuela,Andean,2008,,,,,4665.9531880382,,,6.245,,,-0.1086889078325092
VEN,Venezuela,Andean,2009,,,,,4455.4532320933,,,6.097,,,-0.1018045586629927
VEN,Venezuela,Andean,2010,,,,,4332.02681796507,,,7.112,,,0.0563969049086398
VEN,Venezuela,Andean,2011,,,,,4455.41063337951,,,6.902,,,0.0103930358888832
VEN,Venezuela,Andean,2012,,,,,4647.37303726595,,,6.601,,,-0.056695767350304
VEN,Venezuela,Andean,2013,,,,,4653.3645655649,,,,,,0.0145104765760552
VEN,Venezuela,Andean,2014,,,,,4421.60786723331,,,,,,0.0754009614431696
VEN,Venezuela,Andean,2015,,,,,4103.1384987005,,,,,,0.1644965851692653
VEN,Venezuela,Andean,2016,,,,,3382.73477932247,,,5.319,,,-0.0460831472096336
VEN,Venezuela,Andean,2017,,,58.32666666666667,,2871.31531165261,,,5.045,,,-0.0357221845933719
VEN,Venezuela,Andean,2018,,,,,2365.59281270712,,,,,,0.8209012175446655
VEN,Venezuela,Andean,2019,,,,,1762.73734800083,,,,,,1.171509945597068
VEN,Venezuela,Andean,2020,,,,,1255.37263090506,,,7.526,,,0.8522380294304781
VEN,Venezuela,Andean,2021,,,,,1276.62381449407,,,,,,1.5560736476350083
VEN,Venezuela,Andean,2022,,,,,1379.97778822986,,,,,,1.4632864593730903
VEN,Venezuela,Andean,2023,,,,,1430.74575249312,,,,,,1.4202251864049684
